employeeId,email,name,designation,role
100,senseihimanshu@gmail.com,Himanshu Sharma,intern,interviewer
101,nangchetnamaw@gmail.com,Chetna Mongmaw,intern,interviewer
105,deepak.yadav@gmail.com,Deepak Yadav,intern,interviewer
106,sankalp.shastri@gmail.com,Sankalp Shastri,intern,interviewer
107,sonali.chawla@gmail.com,Sonali Chawla,intern,interviewer
108,lord.rama@gmail.com,Lord Rama,manager,superuser
109,sonali.chawla@gmail.com,Sonali Chawla,intern,interviewer
110,prateek.goyal@cygrp.com,Prateek Goyal,consultant1,admin
